,vac_id,salary_from,salary_to,currency,gross,mode_name,frequency
0,122521980,120000,,RUR,True,За месяц,
1,122573255,255000,,RUR,True,За месяц,
2,122540411,200000,280000,RUR,False,За месяц,
3,121091720,100000,,RUR,True,За месяц,
4,122289965,230000,250000,RUR,True,За месяц,
5,122450018,200000,,RUR,True,За месяц,
6,119299988,110000,170000,RUR,True,За месяц,
7,122501699,140000,180000,RUR,False,За месяц,
8,122448160,60000,,RUR,True,За месяц,
9,122551459,,100000,RUR,False,За месяц,
10,122469452,180000,180000,RUR,True,За месяц,
11,122366957,65000,,RUR,False,За месяц,
12,122467156,170000,170000,RUR,False,За месяц,
13,122379519,120000,120000,RUR,True,За месяц,
14,121787696,185000,185000,RUR,False,За месяц,
15,121062906,105000,,RUR,True,За месяц,
16,121016087,40000,,RUR,False,За месяц,
17,121531091,90000,100000,RUR,False,За месяц,
18,118704325,,100000,RUR,True,За месяц,
19,122184142,220000,270000,KZT,True,За месяц,
20,121602171,3000,,BYR,True,За месяц,
21,122573070,,240000,RUR,True,За месяц,
22,121820454,70000,80000,RUR,False,За месяц,
23,121907820,10000000,,UZS,True,За месяц,
24,122559760,60000,,RUR,False,За месяц,
25,122512526,40000,,RUR,False,За месяц,
26,122053266,,105000,RUR,True,За месяц,
27,121558052,80000,150000,RUR,True,За месяц,
28,122366818,130000,,RUR,True,За месяц,
29,119477141,100000,,RUR,False,За месяц,
30,121544758,170000,,RUR,False,За месяц,
31,120718987,90000,,RUR,True,За месяц,
32,121535877,60000,60000,RUR,False,За месяц,
33,122448635,100000,100000,RUR,True,За месяц,
34,121661463,138000,,RUR,True,За месяц,
35,122546286,60000,250000,RUR,False,За месяц,
36,119722522,120000,,RUR,False,За месяц,
37,122079478,60000,,RUR,False,За месяц,
38,119722523,120000,,RUR,False,За месяц,
39,122249561,100000,,RUR,False,За месяц,
40,122514028,38590,,RUR,False,За месяц,
41,120719059,150000,,RUR,True,За месяц,
42,122410563,80000,150000,RUR,True,За месяц,
43,121754113,,70000,RUR,True,За месяц,
44,121084720,70000,,RUR,False,За месяц,
45,122277826,90000,100000,RUR,False,За месяц,
46,117907516,90000,110000,RUR,False,За месяц,
47,119722524,120000,,RUR,False,За месяц,
48,122292021,60000,100000,RUR,True,За месяц,
49,121128765,60000,100000,RUR,True,За месяц,
50,120525976,77000,,RUR,True,За месяц,
51,117907517,90000,110000,RUR,False,За месяц,
52,121555228,79800,99000,RUR,False,За месяц,
53,122414381,80000,,RUR,False,За месяц,
54,121349904,,130000,RUR,False,За месяц,
55,122142545,120000,,KGS,False,За месяц,
56,122379433,100000,,RUR,False,За месяц,
57,121218864,116000,116000,RUR,False,За месяц,
58,122226967,70000,,RUR,False,За месяц,
59,121263893,67000,87000,RUR,False,За месяц,
60,120865772,30000,40000,RUR,False,За месяц,
61,122283003,95000,,RUR,True,За месяц,
62,122147910,140000,,RUR,False,За месяц,
63,122141574,,60000,RUR,True,За месяц,
64,122468046,90000,,RUR,False,За месяц,
65,117018633,100000,,RUR,False,За месяц,
66,122247237,70000,100000,RUR,False,За месяц,
67,122159353,120000,,RUR,True,За месяц,
68,122397055,70000,80000,RUR,True,За месяц,
69,122147995,2600,2600,BYR,True,За месяц,
70,121523110,110000,,RUR,False,За месяц,
71,122359038,400000,500000,KZT,False,За месяц,
72,122424961,,150000,RUR,False,За месяц,
73,122577891,,150000,RUR,True,За месяц,
74,122568479,90000,120000,RUR,False,За месяц,
75,122006200,54000,,RUR,True,За месяц,
76,121987787,50000,,RUR,False,За месяц,
77,119396113,,4000,USD,True,За месяц,
78,122424910,,150000,RUR,False,За месяц,
79,122136104,80000,120000,RUR,False,За месяц,
80,122259472,100000,,RUR,False,За месяц,
81,118971763,80000,115000,RUR,False,За месяц,
82,122035915,150000,,RUR,True,За месяц,
83,119249072,120000,,RUR,False,За месяц,
84,122211877,65000,,RUR,True,За месяц,
85,121301341,140000,,RUR,False,За месяц,
86,122048441,,130000,RUR,False,За месяц,
87,121940220,,500000,KZT,False,За месяц,
88,121937300,60000,,RUR,True,За месяц,
89,120231438,55000,80000,RUR,True,За месяц,
90,122110609,,120000,RUR,True,За месяц,
91,122287669,6000000,7000000,UZS,True,За месяц,
92,120328434,2500,,USD,False,За месяц,
93,121999606,,54000,RUR,True,За месяц,
94,121875859,135000,135000,RUR,True,За месяц,
95,121097149,70000,90000,RUR,True,За месяц,
96,119215433,80000,,RUR,True,За месяц,
97,121327339,70000,,RUR,True,За месяц,
98,121036865,150000,200000,RUR,False,За месяц,
99,122108988,100000,,RUR,False,За месяц,
100,122253849,,160000,RUR,False,За месяц,
101,121829972,115000,115000,RUR,True,За месяц,
102,122517388,80000,,RUR,False,За месяц,
103,121720203,100000,,RUR,False,За месяц,
104,121778856,148000,148000,RUR,False,За месяц,
105,120892345,50000,80000,RUR,False,За месяц,
106,122256428,,172400,RUR,True,За месяц,
107,122099930,50000,,RUR,False,За месяц,
108,121678022,,100000,RUR,False,За месяц,
109,122071288,67800,,RUR,True,За месяц,
110,119006071,80000,115000,RUR,False,За месяц,
111,122227015,70000,,RUR,False,За месяц,
112,122429339,,999,RUR,False,За час,
113,122227041,70000,,RUR,False,За месяц,
114,119031609,150000,,RUR,True,За месяц,
115,121087270,200000,250000,RUR,True,За месяц,
116,121568156,160000,179000,RUR,False,За месяц,
117,122006670,60000,,RUR,True,За месяц,
118,121629970,90000,,RUR,False,За месяц,
119,122221440,145000,170000,RUR,False,За месяц,
120,121532912,77000,77000,RUR,True,За месяц,
121,120316461,90000,,RUR,True,За месяц,
122,118117884,30000,,RUR,False,За месяц,
123,121533983,250000,,RUR,False,За месяц,
124,118899452,150000,190000,RUR,True,За месяц,
125,121520963,250000,,KZT,True,За месяц,
126,120942113,90000,90000,RUR,False,За месяц,
127,121603052,,700000,KZT,False,За месяц,
128,120316460,90000,,RUR,True,За месяц,
129,120775452,70000,,RUR,False,За месяц,
130,121478088,160000,160000,RUR,True,За месяц,
131,121961029,150000,,RUR,False,За месяц,
132,122048194,,130000,RUR,False,За месяц,
133,121391148,65000,73000,RUR,False,За месяц,
134,121371381,48000,51000,RUR,False,За месяц,
135,122015776,100000,,RUR,False,За месяц,
136,120063932,80000,80000,RUR,False,За месяц,
137,121479840,45000,46000,RUR,True,За месяц,
138,120024736,80000,90000,KGS,False,За месяц,
139,121511224,130000,,RUR,False,За месяц,
140,121760833,90000,110000,RUR,False,За месяц,
141,121933603,1800,2400,BYR,False,За месяц,
142,119929301,50000,70000,RUR,False,За месяц,
143,121676288,70000,100000,RUR,False,За месяц,
144,120797640,87520,92405,RUR,False,За месяц,
145,121788345,,200000,RUR,True,За месяц,
146,121526251,70000,90000,RUR,True,За месяц,
147,121800521,85000,,RUR,False,За месяц,
148,121466422,55000,,RUR,True,За месяц,
149,121605441,3000000,7000000,UZS,False,За месяц,
150,119525739,120000,140000,RUR,True,За месяц,
151,121495587,4500000,5000000,UZS,False,За месяц,
152,122528622,80000,,RUR,True,За месяц,
153,121794298,150000,180000,RUR,False,За месяц,
154,121850742,40000,,RUR,True,За месяц,
155,122454655,,160000,RUR,True,За месяц,
156,121850363,50000,,RUR,False,За месяц,
157,120824631,150000,,RUR,True,За месяц,
158,121593599,60000,85000,RUR,False,За месяц,
159,121755354,120000,140000,RUR,True,За месяц,
160,122004958,130000,220000,RUR,False,За месяц,
161,122362681,180000,220000,RUR,False,За месяц,
162,122059039,90000,,RUR,False,За месяц,
163,122238909,240000,,RUR,False,За месяц,
164,121987593,,350000,KZT,False,За месяц,
165,122019120,172500,172500,RUR,True,За месяц,
166,121957124,45000,80000,RUR,True,За месяц,
167,121894494,60000,,RUR,False,За месяц,
168,121958904,130000,,RUR,True,За месяц,
169,121825765,175000,,RUR,True,За месяц,
170,122015608,2500,3000,USD,False,За месяц,
171,121662329,,150000,RUR,True,За месяц,
172,121902958,200000,220000,RUR,False,За месяц,
173,121767364,3000000,,UZS,False,За месяц,
174,121482137,200000,,RUR,True,За месяц,
175,120532152,230000,300000,RUR,True,За месяц,
176,122232817,100000,110000,RUR,False,За месяц,
177,122313762,120000,250000,RUR,True,За месяц,
178,120590833,120000,180000,RUR,False,За месяц,
179,121942133,120000,,RUR,True,За месяц,
180,121943475,60000,80000,RUR,False,За месяц,
181,121943477,60000,80000,RUR,False,За месяц,
182,122019227,90000,100000,RUR,False,За месяц,
183,121943476,60000,80000,RUR,False,За месяц,
184,121839372,60000,80000,RUR,False,За месяц,
185,121971366,70000,,RUR,False,За месяц,
186,120065260,120000,,RUR,True,За месяц,
187,121821339,180000,200000,RUR,True,За месяц,
188,121232197,60000,,RUR,False,За месяц,
189,121928488,120000,150000,RUR,False,За месяц,
190,121805671,120000,,RUR,False,За месяц,
191,121522794,,45000,RUR,True,За месяц,
192,122143213,200000,280000,RUR,False,За месяц,
193,121671298,80000,,RUR,False,За месяц,
194,121515049,120000,,RUR,True,За месяц,
195,122013894,100000,,RUR,False,За месяц,
196,121825240,90000,,RUR,False,За месяц,
